"filename", "language", "TypeScript", "JSON with Comments", "HTML", "JSON", "vue", "SCSS", "XML", "Java", "Java Properties", "Shell Script", "MS SQL", "Batch", "Markdown", "PlantUML", "comment", "blank", "total"
"e:\AdmitGenius\backend\.mvn\wrapper\maven-wrapper.properties", "Java Properties", 0, 0, 0, 0, 0, 0, 0, 0, -3, 0, 0, 0, 0, 0, -16, -1, -20
"e:\AdmitGenius\backend\deploy.sh", "Shell Script", 0, 0, 0, 0, 0, 0, 0, 0, 0, -185, 0, 0, 0, 0, -27, -37, -249
"e:\AdmitGenius\backend\docs\CONFIGURATION.md", "Markdown", 0, 0, 0, 0, 0, 0, 0, 0, 0, 0, 0, 0, -108, 0, 0, -36, -144
"e:\AdmitGenius\backend\docs\FEATURES.md", "Markdown", 0, 0, 0, 0, 0, 0, 0, 0, 0, 0, 0, 0, -212, 0, 0, -47, -259
"e:\AdmitGenius\backend\docs\PROJECT_STRUCTURE.md", "Markdown", 0, 0, 0, 0, 0, 0, 0, 0, 0, 0, 0, 0, -227, 0, 0, -43, -270
"e:\AdmitGenius\backend\docs\README.md", "Markdown", 0, 0, 0, 0, 0, 0, 0, 0, 0, 0, 0, 0, -265, 0, 0, -94, -359
"e:\AdmitGenius\backend\docs\TESTING_CHECKLIST.md", "Markdown", 0, 0, 0, 0, 0, 0, 0, 0, 0, 0, 0, 0, -189, 0, 0, -47, -236
"e:\AdmitGenius\backend\docs\class_diagram.puml", "PlantUML", 0, 0, 0, 0, 0, 0, 0, 0, 0, 0, 0, 0, 0, -851, -2, -78, -931
"e:\AdmitGenius\backend\docs\doc.md", "Markdown", 0, 0, 0, 0, 0, 0, 0, 0, 0, 0, 0, 0, -377, 0, 0, -87, -464
"e:\AdmitGenius\backend\mvnw.cmd", "Batch", 0, 0, 0, 0, 0, 0, 0, 0, 0, 0, 0, -108, 0, 0, -26, -16, -150
"e:\AdmitGenius\backend\pom.xml", "XML", 0, 0, 0, 0, 0, 0, -156, 0, 0, 0, 0, 0, 0, 0, -1, -16, -173
"e:\AdmitGenius\backend\sql\create_table.sql", "MS SQL", 0, 0, 0, 0, 0, 0, 0, 0, 0, 0, -1074, 0, 0, 0, -48, -105, -1227
"e:\AdmitGenius\backend\sql\forum_additional_data.sql", "MS SQL", 0, 0, 0, 0, 0, 0, 0, 0, 0, 0, -81, 0, 0, 0, -20, -24, -125
"e:\AdmitGenius\backend\sql\update_schema.sql", "MS SQL", 0, 0, 0, 0, 0, 0, 0, 0, 0, 0, -242, 0, 0, 0, -24, -24, -290
"e:\AdmitGenius\backend\sql\update_school_images.sql", "MS SQL", 0, 0, 0, 0, 0, 0, 0, 0, 0, 0, -73, 0, 0, 0, -2, -1, -76
"e:\AdmitGenius\backend\src\main\java\com\admitgenius\AdmitGeniusBackEndApplication.java", "Java", 0, 0, 0, 0, 0, 0, 0, -11, 0, 0, 0, 0, 0, 0, 0, -4, -15
"e:\AdmitGenius\backend\src\main\java\com\admitgenius\config\DataInitializer.java", "Java", 0, 0, 0, 0, 0, 0, 0, -137, 0, 0, 0, 0, 0, 0, -15, -31, -183
"e:\AdmitGenius\backend\src\main\java\com\admitgenius\config\OpenAIConfig.java", "Java", 0, 0, 0, 0, 0, 0, 0, -21, 0, 0, 0, 0, 0, 0, 0, -4, -25
"e:\AdmitGenius\backend\src\main\java\com\admitgenius\config\WebConfig.java", "Java", 0, 0, 0, 0, 0, 0, 0, -35, 0, 0, 0, 0, 0, 0, 0, -4, -39
"e:\AdmitGenius\backend\src\main\java\com\admitgenius\controller\AdminController.java", "Java", 0, 0, 0, 0, 0, 0, 0, -121, 0, 0, 0, 0, 0, 0, -67, -25, -213
"e:\AdmitGenius\backend\src\main\java\com\admitgenius\controller\AuthController.java", "Java", 0, 0, 0, 0, 0, 0, 0, -122, 0, 0, 0, 0, 0, 0, -9, -30, -161
"e:\AdmitGenius\backend\src\main\java\com\admitgenius\controller\EducationController.java", "Java", 0, 0, 0, 0, 0, 0, 0, -113, 0, 0, 0, 0, 0, 0, -13, -13, -139
"e:\AdmitGenius\backend\src\main\java\com\admitgenius\controller\EssayController.java", "Java", 0, 0, 0, 0, 0, 0, 0, -44, 0, 0, 0, 0, 0, 0, -20, -8, -72
"e:\AdmitGenius\backend\src\main\java\com\admitgenius\controller\EssayGenerationController.java", "Java", 0, 0, 0, 0, 0, 0, 0, -18, 0, 0, 0, 0, 0, 0, -9, -5, -32
"e:\AdmitGenius\backend\src\main\java\com\admitgenius\controller\EssayPolishController.java", "Java", 0, 0, 0, 0, 0, 0, 0, -31, 0, 0, 0, 0, 0, 0, -28, -7, -66
"e:\AdmitGenius\backend\src\main\java\com\admitgenius\controller\FileController.java", "Java", 0, 0, 0, 0, 0, 0, 0, -74, 0, 0, 0, 0, 0, 0, -5, -14, -93
"e:\AdmitGenius\backend\src\main\java\com\admitgenius\controller\ForumController.java", "Java", 0, 0, 0, 0, 0, 0, 0, -294, 0, 0, 0, 0, 0, 0, -22, -49, -365
"e:\AdmitGenius\backend\src\main\java\com\admitgenius\controller\InternalAdminController.java", "Java", 0, 0, 0, 0, 0, 0, 0, -23, 0, 0, 0, 0, 0, 0, -8, -4, -35
"e:\AdmitGenius\backend\src\main\java\com\admitgenius\controller\ProjectController.java", "Java", 0, 0, 0, 0, 0, 0, 0, -113, 0, 0, 0, 0, 0, 0, -13, -13, -139
"e:\AdmitGenius\backend\src\main\java\com\admitgenius\controller\RecommendationController.java", "Java", 0, 0, 0, 0, 0, 0, 0, -99, 0, 0, 0, 0, 0, 0, -89, -18, -206
"e:\AdmitGenius\backend\src\main\java\com\admitgenius\controller\SchoolManagementController.java", "Java", 0, 0, 0, 0, 0, 0, 0, -83, 0, 0, 0, 0, 0, 0, -7, -17, -107
"e:\AdmitGenius\backend\src\main\java\com\admitgenius\controller\StatisticsController.java", "Java", 0, 0, 0, 0, 0, 0, 0, -25, 0, 0, 0, 0, 0, 0, -3, -7, -35
"e:\AdmitGenius\backend\src\main\java\com\admitgenius\controller\SystemController.java", "Java", 0, 0, 0, 0, 0, 0, 0, -65, 0, 0, 0, 0, 0, 0, -19, -14, -98
"e:\AdmitGenius\backend\src\main\java\com\admitgenius\controller\UserController.java", "Java", 0, 0, 0, 0, 0, 0, 0, -209, 0, 0, 0, 0, 0, 0, -14, -29, -252
"e:\AdmitGenius\backend\src\main\java\com\admitgenius\dto\AdminResetPasswordRequestDTO.java", "Java", 0, 0, 0, 0, 0, 0, 0, -10, 0, 0, 0, 0, 0, 0, 0, -2, -12
"e:\AdmitGenius\backend\src\main\java\com\admitgenius\dto\ApiResponse.java", "Java", 0, 0, 0, 0, 0, 0, 0, -24, 0, 0, 0, 0, 0, 0, 0, -6, -30
"e:\AdmitGenius\backend\src\main\java\com\admitgenius\dto\CommentDTO.java", "Java", 0, 0, 0, 0, 0, 0, 0, -17, 0, 0, 0, 0, 0, 0, 0, -2, -19
"e:\AdmitGenius\backend\src\main\java\com\admitgenius\dto\CreateAdminRequestDTO.java", "Java", 0, 0, 0, 0, 0, 0, 0, -14, 0, 0, 0, 0, 0, 0, 0, -4, -18
"e:\AdmitGenius\backend\src\main\java\com\admitgenius\dto\EducationDTO.java", "Java", 0, 0, 0, 0, 0, 0, 0, -25, 0, 0, 0, 0, 0, 0, 0, -8, -33
"e:\AdmitGenius\backend\src\main\java\com\admitgenius\dto\EssayDTO.java", "Java", 0, 0, 0, 0, 0, 0, 0, -23, 0, 0, 0, 0, 0, 0, -8, -13, -44
"e:\AdmitGenius\backend\src\main\java\com\admitgenius\dto\EssayGenerationDTO.java", "Java", 0, 0, 0, 0, 0, 0, 0, -58, 0, 0, 0, 0, 0, 0, -13, -14, -85
"e:\AdmitGenius\backend\src\main\java\com\admitgenius\dto\EssayPolishDTO.java", "Java", 0, 0, 0, 0, 0, 0, 0, -90, 0, 0, 0, 0, 0, 0, -9, -30, -129
"e:\AdmitGenius\backend\src\main\java\com\admitgenius\dto\ForumCommentDTO.java", "Java", 0, 0, 0, 0, 0, 0, 0, -15, 0, 0, 0, 0, 0, 0, -1, -3, -19
"e:\AdmitGenius\backend\src\main\java\com\admitgenius\dto\ForumPostDTO.java", "Java", 0, 0, 0, 0, 0, 0, 0, -26, 0, 0, 0, 0, 0, 0, -1, -3, -30
"e:\AdmitGenius\backend\src\main\java\com\admitgenius\dto\ProjectDTO.java", "Java", 0, 0, 0, 0, 0, 0, 0, -22, 0, 0, 0, 0, 0, 0, 0, -7, -29
"e:\AdmitGenius\backend\src\main\java\com\admitgenius\dto\RecommendationRequestDTO.java", "Java", 0, 0, 0, 0, 0, 0, 0, -249, 0, 0, 0, 0, 0, 0, -12, -84, -345
"e:\AdmitGenius\backend\src\main\java\com\admitgenius\dto\RecommendationResponseDTO.java", "Java", 0, 0, 0, 0, 0, 0, 0, -162, 0, 0, 0, 0, 0, 0, -4, -47, -213
"e:\AdmitGenius\backend\src\main\java\com\admitgenius\dto\SchoolDTO.java", "Java", 0, 0, 0, 0, 0, 0, 0, -139, 0, 0, 0, 0, 0, 0, -8, -44, -191
"e:\AdmitGenius\backend\src\main\java\com\admitgenius\dto\SchoolProgramDTO.java", "Java", 0, 0, 0, 0, 0, 0, 0, -17, 0, 0, 0, 0, 0, 0, 0, -2, -19
"e:\AdmitGenius\backend\src\main\java\com\admitgenius\dto\UpdateUserRoleRequestDTO.java", "Java", 0, 0, 0, 0, 0, 0, 0, -8, 0, 0, 0, 0, 0, 0, 0, -2, -10
"e:\AdmitGenius\backend\src\main\java\com\admitgenius\dto\UserDTO.java", "Java", 0, 0, 0, 0, 0, 0, 0, -24, 0, 0, 0, 0, 0, 0, -1, -3, -28
"e:\AdmitGenius\backend\src\main\java\com\admitgenius\exception\BadRequestException.java", "Java", 0, 0, 0, 0, 0, 0, 0, -6, 0, 0, 0, 0, 0, 0, 0, -1, -7
"e:\AdmitGenius\backend\src\main\java\com\admitgenius\exception\GlobalExceptionHandler.java", "Java", 0, 0, 0, 0, 0, 0, 0, -125, 0, 0, 0, 0, 0, 0, -1, -26, -152
"e:\AdmitGenius\backend\src\main\java\com\admitgenius\exception\ResourceNotFoundException.java", "Java", 0, 0, 0, 0, 0, 0, 0, -9, 0, 0, 0, 0, 0, 0, 0, -3, -12
"e:\AdmitGenius\backend\src\main\java\com\admitgenius\exception\UnauthorizedAccessException.java", "Java", 0, 0, 0, 0, 0, 0, 0, -9, 0, 0, 0, 0, 0, 0, 0, -2, -11
"e:\AdmitGenius\backend\src\main\java\com\admitgenius\exception\UnauthorizedException.java", "Java", 0, 0, 0, 0, 0, 0, 0, -9, 0, 0, 0, 0, 0, 0, 0, -2, -11
"e:\AdmitGenius\backend\src\main\java\com\admitgenius\model\ApplicationStatistic.java", "Java", 0, 0, 0, 0, 0, 0, 0, -42, 0, 0, 0, 0, 0, 0, -1, -16, -59
"e:\AdmitGenius\backend\src\main\java\com\admitgenius\model\Comment.java", "Java", 0, 0, 0, 0, 0, 0, 0, -22, 0, 0, 0, 0, 0, 0, 0, -7, -29
"e:\AdmitGenius\backend\src\main\java\com\admitgenius\model\Document.java", "Java", 0, 0, 0, 0, 0, 0, 0, -31, 0, 0, 0, 0, 0, 0, 0, -12, -43
"e:\AdmitGenius\backend\src\main\java\com\admitgenius\model\Education.java", "Java", 0, 0, 0, 0, 0, 0, 0, -39, 0, 0, 0, 0, 0, 0, 0, -13, -52
"e:\AdmitGenius\backend\src\main\java\com\admitgenius\model\Essay.java", "Java", 0, 0, 0, 0, 0, 0, 0, -114, 0, 0, 0, 0, 0, 0, -8, -42, -164
"e:\AdmitGenius\backend\src\main\java\com\admitgenius\model\EssayRequirement.java", "Java", 0, 0, 0, 0, 0, 0, 0, -23, 0, 0, 0, 0, 0, 0, 0, -8, -31
"e:\AdmitGenius\backend\src\main\java\com\admitgenius\model\ExpertReview.java", "Java", 0, 0, 0, 0, 0, 0, 0, -51, 0, 0, 0, 0, 0, 0, -6, -18, -75
"e:\AdmitGenius\backend\src\main\java\com\admitgenius\model\ForumComment.java", "Java", 0, 0, 0, 0, 0, 0, 0, -30, 0, 0, 0, 0, 0, 0, 0, -9, -39
"e:\AdmitGenius\backend\src\main\java\com\admitgenius\model\ForumPost.java", "Java", 0, 0, 0, 0, 0, 0, 0, -49, 0, 0, 0, 0, 0, 0, -1, -17, -67
"e:\AdmitGenius\backend\src\main\java\com\admitgenius\model\PostLike.java", "Java", 0, 0, 0, 0, 0, 0, 0, -27, 0, 0, 0, 0, 0, 0, 0, -7, -34
"e:\AdmitGenius\backend\src\main\java\com\admitgenius\model\Project.java", "Java", 0, 0, 0, 0, 0, 0, 0, -37, 0, 0, 0, 0, 0, 0, 0, -12, -49
"e:\AdmitGenius\backend\src\main\java\com\admitgenius\model\Recommendation.java", "Java", 0, 0, 0, 0, 0, 0, 0, -89, 0, 0, 0, 0, 0, 0, -2, -28, -119
"e:\AdmitGenius\backend\src\main\java\com\admitgenius\model\RecommendationItem.java", "Java", 0, 0, 0, 0, 0, 0, 0, -88, 0, 0, 0, 0, 0, 0, -3, -31, -122
"e:\AdmitGenius\backend\src\main\java\com\admitgenius\model\School.java", "Java", 0, 0, 0, 0, 0, 0, 0, -179, 0, 0, 0, 0, 0, 0, -5, -63, -247
"e:\AdmitGenius\backend\src\main\java\com\admitgenius\model\SchoolProgram.java", "Java", 0, 0, 0, 0, 0, 0, 0, -104, 0, 0, 0, 0, 0, 0, 0, -35, -139
"e:\AdmitGenius\backend\src\main\java\com\admitgenius\model\User.java", "Java", 0, 0, 0, 0, 0, 0, 0, -135, 0, 0, 0, 0, 0, 0, -4, -23, -162
"e:\AdmitGenius\backend\src\main\java\com\admitgenius\model\UserEducation.java", "Java", 0, 0, 0, 0, 0, 0, 0, 0, 0, 0, 0, 0, 0, 0, 0, -1, -1
"e:\AdmitGenius\backend\src\main\java\com\admitgenius\model\UserRole.java", "Java", 0, 0, 0, 0, 0, 0, 0, -7, 0, 0, 0, 0, 0, 0, -3, -1, -11
"e:\AdmitGenius\backend\src\main\java\com\admitgenius\model\UserStatus.java", "Java", 0, 0, 0, 0, 0, 0, 0, -7, 0, 0, 0, 0, 0, 0, -3, -1, -11
"e:\AdmitGenius\backend\src\main\java\com\admitgenius\payload\ApiResponse.java", "Java", 0, 0, 0, 0, 0, 0, 0, -33, 0, 0, 0, 0, 0, 0, -1, -9, -43
"e:\AdmitGenius\backend\src\main\java\com\admitgenius\payload\JwtAuthenticationResponse.java", "Java", 0, 0, 0, 0, 0, 0, 0, -35, 0, 0, 0, 0, 0, 0, -1, -11, -47
"e:\AdmitGenius\backend\src\main\java\com\admitgenius\payload\LoginRequest.java", "Java", 0, 0, 0, 0, 0, 0, 0, -22, 0, 0, 0, 0, 0, 0, -1, -7, -30
"e:\AdmitGenius\backend\src\main\java\com\admitgenius\payload\SignUpRequest.java", "Java", 0, 0, 0, 0, 0, 0, 0, -89, 0, 0, 0, 0, 0, 0, -1, -24, -114
"e:\AdmitGenius\backend\src\main\java\com\admitgenius\repository\ApplicationStatisticRepository.java", "Java", 0, 0, 0, 0, 0, 0, 0, -12, 0, 0, 0, 0, 0, 0, 0, -5, -17
"e:\AdmitGenius\backend\src\main\java\com\admitgenius\repository\CommentRepository.java", "Java", 0, 0, 0, 0, 0, 0, 0, -25, 0, 0, 0, 0, 0, 0, -1, -9, -35
"e:\AdmitGenius\backend\src\main\java\com\admitgenius\repository\EducationRepository.java", "Java", 0, 0, 0, 0, 0, 0, 0, -11, 0, 0, 0, 0, 0, 0, -9, -6, -26
"e:\AdmitGenius\backend\src\main\java\com\admitgenius\repository\EssayRepository.java", "Java", 0, 0, 0, 0, 0, 0, 0, -15, 0, 0, 0, 0, 0, 0, 0, -6, -21
"e:\AdmitGenius\backend\src\main\java\com\admitgenius\repository\ForumCommentRepository.java", "Java", 0, 0, 0, 0, 0, 0, 0, -12, 0, 0, 0, 0, 0, 0, 0, -3, -15
"e:\AdmitGenius\backend\src\main\java\com\admitgenius\repository\ForumPostRepository.java", "Java", 0, 0, 0, 0, 0, 0, 0, -31, 0, 0, 0, 0, 0, 0, -2, -13, -46
"e:\AdmitGenius\backend\src\main\java\com\admitgenius\repository\ForumRepository.java", "Java", 0, 0, 0, 0, 0, 0, 0, -41, 0, 0, 0, 0, 0, 0, -1, -15, -57
"e:\AdmitGenius\backend\src\main\java\com\admitgenius\repository\PostLikeRepository.java", "Java", 0, 0, 0, 0, 0, 0, 0, -16, 0, 0, 0, 0, 0, 0, -2, -6, -24
"e:\AdmitGenius\backend\src\main\java\com\admitgenius\repository\ProjectRepository.java", "Java", 0, 0, 0, 0, 0, 0, 0, -11, 0, 0, 0, 0, 0, 0, -9, -6, -26
"e:\AdmitGenius\backend\src\main\java\com\admitgenius\repository\RecommendationItemRepository.java", "Java", 0, 0, 0, 0, 0, 0, 0, -11, 0, 0, 0, 0, 0, 0, 0, -4, -15
"e:\AdmitGenius\backend\src\main\java\com\admitgenius\repository\RecommendationRepository.java", "Java", 0, 0, 0, 0, 0, 0, 0, -10, 0, 0, 0, 0, 0, 0, 0, -3, -13
"e:\AdmitGenius\backend\src\main\java\com\admitgenius\repository\SchoolProgramRepository.java", "Java", 0, 0, 0, 0, 0, 0, 0, -17, 0, 0, 0, 0, 0, 0, 0, -7, -24
"e:\AdmitGenius\backend\src\main\java\com\admitgenius\repository\SchoolRepository.java", "Java", 0, 0, 0, 0, 0, 0, 0, -34, 0, 0, 0, 0, 0, 0, -30, -13, -77
"e:\AdmitGenius\backend\src\main\java\com\admitgenius\repository\UserRepository.java", "Java", 0, 0, 0, 0, 0, 0, 0, -10, 0, 0, 0, 0, 0, 0, 0, -3, -13
"e:\AdmitGenius\backend\src\main\java\com\admitgenius\security\CurrentUser.java", "Java", 0, 0, 0, 0, 0, 0, 0, -9, 0, 0, 0, 0, 0, 0, 0, -2, -11
"e:\AdmitGenius\backend\src\main\java\com\admitgenius\security\JwtAuthenticationEntryPoint.java", "Java", 0, 0, 0, 0, 0, 0, 0, -21, 0, 0, 0, 0, 0, 0, -1, -5, -27
"e:\AdmitGenius\backend\src\main\java\com\admitgenius\security\JwtAuthenticationFilter.java", "Java", 0, 0, 0, 0, 0, 0, 0, -50, 0, 0, 0, 0, 0, 0, 0, -12, -62
"e:\AdmitGenius\backend\src\main\java\com\admitgenius\security\JwtTokenProvider.java", "Java", 0, 0, 0, 0, 0, 0, 0, -70, 0, 0, 0, 0, 0, 0, -4, -13, -87
"e:\AdmitGenius\backend\src\main\java\com\admitgenius\security\SecurityConfig.java", "Java", 0, 0, 0, 0, 0, 0, 0, -91, 0, 0, 0, 0, 0, 0, -11, -15, -117
"e:\AdmitGenius\backend\src\main\java\com\admitgenius\security\UserDetailsServiceImpl.java", "Java", 0, 0, 0, 0, 0, 0, 0, -32, 0, 0, 0, 0, 0, 0, -1, -7, -40
"e:\AdmitGenius\backend\src\main\java\com\admitgenius\service\EducationService.java", "Java", 0, 0, 0, 0, 0, 0, 0, -78, 0, 0, 0, 0, 0, 0, -19, -19, -116
"e:\AdmitGenius\backend\src\main\java\com\admitgenius\service\EssayGenerationService.java", "Java", 0, 0, 0, 0, 0, 0, 0, -169, 0, 0, 0, 0, 0, 0, -21, -41, -231
"e:\AdmitGenius\backend\src\main\java\com\admitgenius\service\EssayPolishService.java", "Java", 0, 0, 0, 0, 0, 0, 0, -199, 0, 0, 0, 0, 0, 0, -45, -60, -304
"e:\AdmitGenius\backend\src\main\java\com\admitgenius\service\EssayService.java", "Java", 0, 0, 0, 0, 0, 0, 0, -189, 0, 0, 0, 0, 0, 0, -23, -33, -245
"e:\AdmitGenius\backend\src\main\java\com\admitgenius\service\ForumService.java", "Java", 0, 0, 0, 0, 0, 0, 0, -26, 0, 0, 0, 0, 0, 0, -102, -18, -146
"e:\AdmitGenius\backend\src\main\java\com\admitgenius\service\ProjectService.java", "Java", 0, 0, 0, 0, 0, 0, 0, -75, 0, 0, 0, 0, 0, 0, -19, -19, -113
"e:\AdmitGenius\backend\src\main\java\com\admitgenius\service\RecommendationService.java", "Java", 0, 0, 0, 0, 0, 0, 0, -20, 0, 0, 0, 0, 0, 0, -68, -13, -101
"e:\AdmitGenius\backend\src\main\java\com\admitgenius\service\SchoolService.java", "Java", 0, 0, 0, 0, 0, 0, 0, -16, 0, 0, 0, 0, 0, 0, -61, -12, -89
"e:\AdmitGenius\backend\src\main\java\com\admitgenius\service\UserService.java", "Java", 0, 0, 0, 0, 0, 0, 0, -331, 0, 0, 0, 0, 0, 0, -99, -73, -503
"e:\AdmitGenius\backend\src\main\java\com\admitgenius\service\impl\ForumServiceImpl.java", "Java", 0, 0, 0, 0, 0, 0, 0, -420, 0, 0, 0, 0, 0, 0, -32, -90, -542
"e:\AdmitGenius\backend\src\main\java\com\admitgenius\service\impl\RecommendationServiceImpl.java", "Java", 0, 0, 0, 0, 0, 0, 0, -503, 0, 0, 0, 0, 0, 0, -80, -104, -687
"e:\AdmitGenius\backend\src\main\java\com\admitgenius\service\impl\SchoolServiceImpl.java", "Java", 0, 0, 0, 0, 0, 0, 0, -240, 0, 0, 0, 0, 0, 0, -17, -30, -287
"e:\AdmitGenius\backend\src\main\java\com\admitgenius\util\AuthUtil.java", "Java", 0, 0, 0, 0, 0, 0, 0, -55, 0, 0, 0, 0, 0, 0, 0, -8, -63
"e:\AdmitGenius\backend\src\test\java\org\example\admitgeniusbackend\AdmitGeniusBackEndApplicationTests.java", "Java", 0, 0, 0, 0, 0, 0, 0, -9, 0, 0, 0, 0, 0, 0, 0, -5, -14
"e:\AdmitGenius\frontend\auto-imports.d.ts", "TypeScript", 80, 0, 0, 0, 0, 0, 0, 0, 0, 0, 0, 0, 0, 0, 7, 1, 88
"e:\AdmitGenius\frontend\components.d.ts", "TypeScript", 66, 0, 0, 0, 0, 0, 0, 0, 0, 0, 0, 0, 0, 0, 5, 2, 73
"e:\AdmitGenius\frontend\env.d.ts", "TypeScript", 11, 0, 0, 0, 0, 0, 0, 0, 0, 0, 0, 0, 0, 0, 4, 3, 18
"e:\AdmitGenius\frontend\index.html", "HTML", 0, 0, 15, 0, 0, 0, 0, 0, 0, 0, 0, 0, 0, 0, 0, 0, 15
"e:\AdmitGenius\frontend\package-lock.json", "JSON", 0, 0, 0, 4895, 0, 0, 0, 0, 0, 0, 0, 0, 0, 0, 0, 1, 4896
"e:\AdmitGenius\frontend\package.json", "JSON", 0, 0, 0, 38, 0, 0, 0, 0, 0, 0, 0, 0, 0, 0, 0, 1, 39
"e:\AdmitGenius\frontend\src\App.vue", "vue", 0, 0, 0, 0, 22, 0, 0, 0, 0, 0, 0, 0, 0, 0, 0, 3, 25
"e:\AdmitGenius\frontend\src\api\index.ts", "TypeScript", 103, 0, 0, 0, 0, 0, 0, 0, 0, 0, 0, 0, 0, 0, 14, 18, 135
"e:\AdmitGenius\frontend\src\api\mockService.ts", "TypeScript", 151, 0, 0, 0, 0, 0, 0, 0, 0, 0, 0, 0, 0, 0, 21, 28, 200
"e:\AdmitGenius\frontend\src\api\services\auth.ts", "TypeScript", 13, 0, 0, 0, 0, 0, 0, 0, 0, 0, 0, 0, 0, 0, 12, 3, 28
"e:\AdmitGenius\frontend\src\api\services\essay.ts", "TypeScript", 148, 0, 0, 0, 0, 0, 0, 0, 0, 0, 0, 0, 0, 0, 19, 15, 182
"e:\AdmitGenius\frontend\src\api\services\forum.ts", "TypeScript", 330, 0, 0, 0, 0, 0, 0, 0, 0, 0, 0, 0, 0, 0, 87, 50, 467
"e:\AdmitGenius\frontend\src\api\services\mock.ts", "TypeScript", 149, 0, 0, 0, 0, 0, 0, 0, 0, 0, 0, 0, 0, 0, 22, 6, 177
"e:\AdmitGenius\frontend\src\api\services\profile.ts", "TypeScript", 45, 0, 0, 0, 0, 0, 0, 0, 0, 0, 0, 0, 0, 0, 2, 10, 57
"e:\AdmitGenius\frontend\src\api\services\recommendation.ts", "TypeScript", 91, 0, 0, 0, 0, 0, 0, 0, 0, 0, 0, 0, 0, 0, 50, 14, 155
"e:\AdmitGenius\frontend\src\api\services\statistics.ts", "TypeScript", 11, 0, 0, 0, 0, 0, 0, 0, 0, 0, 0, 0, 0, 0, 18, 6, 35
"e:\AdmitGenius\frontend\src\api\services\user.ts", "TypeScript", 48, 0, 0, 0, 0, 0, 0, 0, 0, 0, 0, 0, 0, 0, 27, 10, 85
"e:\AdmitGenius\frontend\src\assets\dashboard-hero.svg", "XML", 0, 0, 0, 0, 0, 0, 27, 0, 0, 0, 0, 0, 0, 0, 8, 10, 45
"e:\AdmitGenius\frontend\src\assets\styles\main.scss", "SCSS", 0, 0, 0, 0, 0, 119, 0, 0, 0, 0, 0, 0, 0, 0, 9, 22, 150
"e:\AdmitGenius\frontend\src\config.ts", "TypeScript", 14, 0, 0, 0, 0, 0, 0, 0, 0, 0, 0, 0, 0, 0, 35, 6, 55
"e:\AdmitGenius\frontend\src\config\index.ts", "TypeScript", 6, 0, 0, 0, 0, 0, 0, 0, 0, 0, 0, 0, 0, 0, 0, 0, 6
"e:\AdmitGenius\frontend\src\env.d.ts", "TypeScript", 11, 0, 0, 0, 0, 0, 0, 0, 0, 0, 0, 0, 0, 0, 3, 3, 17
"e:\AdmitGenius\frontend\src\layouts\AuthLayout.vue", "vue", 0, 0, 0, 0, 161, 0, 0, 0, 0, 0, 0, 0, 0, 0, 0, 22, 183
"e:\AdmitGenius\frontend\src\layouts\MainLayout.vue", "vue", 0, 0, 0, 0, 267, 0, 0, 0, 0, 0, 0, 0, 0, 0, 5, 42, 314
"e:\AdmitGenius\frontend\src\main.ts", "TypeScript", 25, 0, 0, 0, 0, 0, 0, 0, 0, 0, 0, 0, 0, 0, 3, 7, 35
"e:\AdmitGenius\frontend\src\router\guards.ts", "TypeScript", 47, 0, 0, 0, 0, 0, 0, 0, 0, 0, 0, 0, 0, 0, 20, 10, 77
"e:\AdmitGenius\frontend\src\router\index.ts", "TypeScript", 151, 0, 0, 0, 0, 0, 0, 0, 0, 0, 0, 0, 0, 0, 4, 5, 160
"e:\AdmitGenius\frontend\src\stores\auth.ts", "TypeScript", 130, 0, 0, 0, 0, 0, 0, 0, 0, 0, 0, 0, 0, 0, 12, 15, 157
"e:\AdmitGenius\frontend\src\stores\mockAuth.ts", "TypeScript", 102, 0, 0, 0, 0, 0, 0, 0, 0, 0, 0, 0, 0, 0, 18, 19, 139
"e:\AdmitGenius\frontend\src\types\api.ts", "TypeScript", 5, 0, 0, 0, 0, 0, 0, 0, 0, 0, 0, 0, 0, 0, 0, 0, 5
"e:\AdmitGenius\frontend\src\types\essay.ts", "TypeScript", 91, 0, 0, 0, 0, 0, 0, 0, 0, 0, 0, 0, 0, 0, 0, 3, 94
"e:\AdmitGenius\frontend\src\types\index.ts", "TypeScript", 218, 0, 0, 0, 0, 0, 0, 0, 0, 0, 0, 0, 0, 0, 15, 25, 258
"e:\AdmitGenius\frontend\src\types\user.ts", "TypeScript", 16, 0, 0, 0, 0, 0, 0, 0, 0, 0, 0, 0, 0, 0, 0, 0, 16
"e:\AdmitGenius\frontend\src\utils\api.ts", "TypeScript", 57, 0, 0, 0, 0, 0, 0, 0, 0, 0, 0, 0, 0, 0, 4, 4, 65
"e:\AdmitGenius\frontend\src\utils\request.ts", "TypeScript", 67, 0, 0, 0, 0, 0, 0, 0, 0, 0, 0, 0, 0, 0, 19, 5, 91
"e:\AdmitGenius\frontend\src\views\auth\ExpertRegisterView.vue", "vue", 0, 0, 0, 0, 329, 0, 0, 0, 0, 0, 0, 0, 0, 0, 3, 41, 373
"e:\AdmitGenius\frontend\src\views\auth\LoginView.vue", "vue", 0, 0, 0, 0, 196, 0, 0, 0, 0, 0, 0, 0, 0, 0, 0, 31, 227
"e:\AdmitGenius\frontend\src\views\auth\RegisterView.vue", "vue", 0, 0, 0, 0, 270, 0, 0, 0, 0, 0, 0, 0, 0, 0, 0, 36, 306
"e:\AdmitGenius\frontend\src\views\auth\ResetPasswordView.vue", "vue", 0, 0, 0, 0, 129, 0, 0, 0, 0, 0, 0, 0, 0, 0, 0, 21, 150
"e:\AdmitGenius\frontend\src\views\dashboard\DashboardView.vue", "vue", 0, 0, 0, 0, 416, 0, 0, 0, 0, 0, 0, 0, 0, 0, 5, 69, 490
"e:\AdmitGenius\frontend\src\views\error\NotFoundView.vue", "vue", 0, 0, 0, 0, 49, 0, 0, 0, 0, 0, 0, 0, 0, 0, 0, 8, 57
"e:\AdmitGenius\frontend\src\views\essay\EssayCreateView.vue", "vue", 0, 0, 0, 0, 474, 0, 0, 0, 0, 0, 0, 0, 0, 0, 0, 60, 534
"e:\AdmitGenius\frontend\src\views\essay\EssayDetailView.vue", "vue", 0, 0, 0, 0, 711, 0, 0, 0, 0, 0, 0, 0, 0, 0, 4, 96, 811
"e:\AdmitGenius\frontend\src\views\essay\EssayEditView.vue", "vue", 0, 0, 0, 0, 492, 0, 0, 0, 0, 0, 0, 0, 0, 0, 1, 62, 555
"e:\AdmitGenius\frontend\src\views\essay\EssayListView.vue", "vue", 0, 0, 0, 0, 316, 0, 0, 0, 0, 0, 0, 0, 0, 0, 2, 39, 357
"e:\AdmitGenius\frontend\src\views\essay\EssayPolishView.vue", "vue", 0, 0, 0, 0, 453, 0, 0, 0, 0, 0, 0, 0, 0, 0, 0, 61, 514
"e:\AdmitGenius\frontend\src\views\essay\EssayView.vue", "vue", 0, 0, 0, 0, 354, 0, 0, 0, 0, 0, 0, 0, 0, 0, 0, 57, 411
"e:\AdmitGenius\frontend\src\views\forum\ForumPostView.vue", "vue", 0, 0, 0, 0, 907, 0, 0, 0, 0, 0, 0, 0, 0, 0, 23, 121, 1051
"e:\AdmitGenius\frontend\src\views\forum\ForumView.vue", "vue", 0, 0, 0, 0, 959, 0, 0, 0, 0, 0, 0, 0, 0, 0, 12, 129, 1100
"e:\AdmitGenius\frontend\src\views\recommendation\RecommendationView.vue", "vue", 0, 0, 0, 0, 781, 0, 0, 0, 0, 0, 0, 0, 0, 0, 5, 108, 894
"e:\AdmitGenius\frontend\src\views\school\SchoolDetailView.vue", "vue", 0, 0, 0, 0, 539, 0, 0, 0, 0, 0, 0, 0, 0, 0, 9, 74, 622
"e:\AdmitGenius\frontend\src\views\school\SchoolListView.vue", "vue", 0, 0, 0, 0, 444, 0, 0, 0, 0, 0, 0, 0, 0, 0, 2, 69, 515
"e:\AdmitGenius\frontend\src\views\test\TestView.vue", "vue", 0, 0, 0, 0, 51, 0, 0, 0, 0, 0, 0, 0, 0, 0, 0, 11, 62
"e:\AdmitGenius\frontend\src\views\user\ProfileView.vue", "vue", 0, 0, 0, 0, 899, 0, 0, 0, 0, 0, 0, 0, 0, 0, 10, 90, 999
"e:\AdmitGenius\frontend\src\views\user\UserProfileView.vue", "vue", 0, 0, 0, 0, 578, 0, 0, 0, 0, 0, 0, 0, 0, 0, 8, 71, 657
"e:\AdmitGenius\frontend\tsconfig.json", "JSON with Comments", 0, 18, 0, 0, 0, 0, 0, 0, 0, 0, 0, 0, 0, 0, 0, 0, 18
"e:\AdmitGenius\frontend\vite.config.ts", "TypeScript", 31, 0, 0, 0, 0, 0, 0, 0, 0, 0, 0, 0, 0, 0, 1, 1, 33
"Total", "-", 2217, 18, 15, 4933, 9797, 119, -129, -6831, -3, -185, -1470, -108, -1378, -851, -734, -709, 4701